StationID,YEAR,WEEK,week_max_temp,week_min_temp,week_avg_temp,week_precip_total,week_avg_wind,week_max_wind,City,County
350,2021,1,28.51,5.7,16.897142857142857,0.56,6.92,18.69,BALM,HILLSBOROUGH
350,2021,2,23.61,4.34,13.312857142857142,0.02,5.962857142857144,16.55,BALM,HILLSBOROUGH
350,2021,3,23.25,4.38,13.714285714285714,0.09,4.835714285714286,16.92,BALM,HILLSBOROUGH
350,2021,4,27.71,7.78,18.972857142857144,0.2,6.161428571428571,14.22,BALM,HILLSBOROUGH
350,2021,5,25.06,0.66,12.398571428571428,0.37,8.255714285714285,21.15,BALM,HILLSBOROUGH
350,2021,6,29.14,5.14,19.86142857142857,0.83,6.032857142857144,16.67,BALM,HILLSBOROUGH
350,2021,7,29.73,13.56,21.31,2.68,7.765714285714286,20.29,BALM,HILLSBOROUGH
350,2021,8,28.18,8.18,18.464285714285715,0.07,7.764285714285714,19.95,BALM,HILLSBOROUGH
350,2021,9,30.49,12.11,22.03,0.06,6.637142857142857,16.42,BALM,HILLSBOROUGH
350,2021,10,27.43,5.86,16.905714285714286,0.16,8.35,19.16,BALM,HILLSBOROUGH
350,2021,11,30.21,12.48,21.608571428571427,0.1,6.371428571428572,20.17,BALM,HILLSBOROUGH
350,2021,12,32.41,10.15,18.23,0.0,6.485714285714286,15.7,BALM,HILLSBOROUGH
350,2021,13,32.15,13.41,24.077142857142857,0.9000000000000001,6.138571428571429,17.13,BALM,HILLSBOROUGH
350,2021,14,28.16,7.55,18.19428571428572,0.0,6.015714285714286,14.44,BALM,HILLSBOROUGH
350,2021,15,32.01,13.56,22.064285714285717,1.82,6.21,26.45,BALM,HILLSBOROUGH
350,2021,16,30.04,14.93,23.537142857142857,0.96,5.727142857142858,12.76,BALM,HILLSBOROUGH
350,2021,17,31.98,14.8,23.86142857142857,0.0,7.904285714285714,16.71,BALM,HILLSBOROUGH
350,2021,18,34.7,17.84,26.224285714285717,0.15,5.614285714285714,14.61,BALM,HILLSBOROUGH
350,2021,19,33.68,14.85,25.025714285714287,0.0,6.384285714285714,21.34,BALM,HILLSBOROUGH
350,2021,20,30.93,15.64,24.077142857142857,0.0,10.138571428571428,20.33,BALM,HILLSBOROUGH
350,2021,21,33.48,15.57,25.014285714285712,0.0,7.625714285714286,20.97,BALM,HILLSBOROUGH
350,2021,22,33.92,18.63,25.564285714285717,1.79,6.117142857142857,20.62,BALM,HILLSBOROUGH
350,2021,23,34.53,21.76,26.92,0.75,6.001428571428571,16.97,BALM,HILLSBOROUGH
350,2021,24,32.81,20.78,26.44142857142857,0.56,6.078571428571428,16.82,BALM,HILLSBOROUGH
350,2021,25,34.05,21.21,26.8,1.89,5.882857142857143,21.52,BALM,HILLSBOROUGH
350,2021,26,32.71,21.57,25.38,3.24,6.087142857142857,23.34,BALM,HILLSBOROUGH
350,2021,27,34.33,22.33,25.93285714285714,9.66,7.085714285714286,23.21,BALM,HILLSBOROUGH
350,2021,28,33.8,21.74,26.427142857142854,0.09,5.235714285714286,24.46,BALM,HILLSBOROUGH
350,2021,29,33.77,22.63,27.388571428571428,1.96,4.828571428571428,17.45,BALM,HILLSBOROUGH
350,2021,30,33.92,23.52,27.208571428571428,3.18,4.612857142857143,14.84,BALM,HILLSBOROUGH
350,2021,31,34.2,22.52,27.142857142857142,1.68,6.031428571428571,19.69,BALM,HILLSBOROUGH
350,2021,32,34.21,21.28,27.178571428571427,0.8300000000000001,4.335714285714285,17.95,BALM,HILLSBOROUGH
350,2021,33,34.72,22.62,26.942857142857143,1.15,5.590000000000001,18.73,BALM,HILLSBOROUGH
350,2021,34,34.51,22.48,27.307142857142857,0.4,4.8,17.51,BALM,HILLSBOROUGH
350,2021,35,33.73,22.77,26.70142857142857,1.65,5.928571428571429,19.27,BALM,HILLSBOROUGH
350,2021,36,32.85,22.38,26.444285714285712,2.07,4.16,18.1,BALM,HILLSBOROUGH
350,2021,37,33.34,21.05,25.915714285714284,1.88,5.032857142857142,19.0,BALM,HILLSBOROUGH
350,2021,38,32.9,21.64,25.99714285714285,1.57,3.721428571428572,15.64,BALM,HILLSBOROUGH
350,2021,39,33.01,19.17,25.517142857142854,0.35,4.821428571428571,10.39,BALM,HILLSBOROUGH
350,2021,40,33.89,20.05,25.825714285714287,0.02,5.521428571428571,14.89,BALM,HILLSBOROUGH
350,2021,41,32.07,19.97,25.617142857142856,0.1699999999999999,4.762857142857143,12.75,BALM,HILLSBOROUGH
350,2021,42,32.37,15.34,23.632857142857144,0.0,5.641428571428572,13.43,BALM,HILLSBOROUGH
350,2021,43,31.42,16.43,24.32857142857143,1.6800000000000002,5.1971428571428575,16.37,BALM,HILLSBOROUGH
350,2021,44,28.9,12.88,20.77142857142857,0.26,5.744285714285715,17.3,BALM,HILLSBOROUGH
350,2021,45,27.1,10.79,18.247142857142855,3.37,7.2,16.29,BALM,HILLSBOROUGH
350,2021,46,27.67,9.14,18.647142857142857,0.15,4.704285714285715,12.74,BALM,HILLSBOROUGH
350,2021,47,27.92,7.01,18.912857142857145,0.12,7.791428571428571,17.18,BALM,HILLSBOROUGH
350,2021,48,25.74,7.57,16.11714285714286,0.0,4.552857142857143,12.47,BALM,HILLSBOROUGH
350,2021,49,28.41,9.33,19.324285714285715,0.31,3.81,11.65,BALM,HILLSBOROUGH
350,2021,50,29.05,17.08,21.945714285714285,0.13,5.425714285714286,15.43,BALM,HILLSBOROUGH
350,2021,51,28.45,7.02,19.127142857142854,1.01,6.354285714285714,16.56,BALM,HILLSBOROUGH
350,2021,52,28.12,9.84,18.985714285714288,0.0,4.1085714285714285,12.04,BALM,HILLSBOROUGH
350,2021,53,28.81,17.93,22.78,0.0,3.93,7.83,BALM,HILLSBOROUGH
360,2021,1,29.08,4.38,16.568571428571428,0.11,3.007142857142857,9.93,DOVER,HILLSBOROUGH
360,2021,2,23.71,4.24,12.96,0.03,3.488571428571429,10.56,DOVER,HILLSBOROUGH
360,2021,3,23.45,3.0,12.832857142857142,0.14,2.277142857142857,10.9,DOVER,HILLSBOROUGH
360,2021,4,27.52,8.27,18.73857142857143,0.11,2.94,12.89,DOVER,HILLSBOROUGH
360,2021,5,26.07,1.24,11.968571428571428,0.67,4.232857142857143,15.28,DOVER,HILLSBOROUGH
360,2021,6,29.29,6.17,20.082857142857144,1.26,2.7585714285714285,10.02,DOVER,HILLSBOROUGH
360,2021,7,30.43,13.23,21.454285714285717,0.92,3.4114285714285715,9.84,DOVER,HILLSBOROUGH
360,2021,8,27.99,7.98,18.07857142857143,0.07,3.792857142857143,10.76,DOVER,HILLSBOROUGH
360,2021,9,31.63,11.72,22.027142857142856,0.34,3.064285714285714,11.42,DOVER,HILLSBOROUGH
360,2021,10,27.8,5.26,16.98857142857143,0.07,3.1142857142857143,10.65,DOVER,HILLSBOROUGH
360,2021,11,31.23,12.03,21.74285714285714,0.07,2.338571428571428,9.0,DOVER,HILLSBOROUGH
360,2021,12,33.52,11.01,18.11285714285714,0.0,3.6357142857142857,9.84,DOVER,HILLSBOROUGH
360,2021,13,33.12,14.53,24.24857142857143,0.27,2.7642857142857147,12.05,DOVER,HILLSBOROUGH
360,2021,14,29.12,7.31,18.18857142857143,0.0,2.88,8.82,DOVER,HILLSBOROUGH
360,2021,15,32.37,14.13,22.26142857142857,2.57,2.5342857142857147,18.37,DOVER,HILLSBOROUGH
360,2021,16,30.54,14.61,23.297142857142852,1.32,2.968571428571429,9.03,DOVER,HILLSBOROUGH
360,2021,17,32.53,14.46,24.307142857142857,0.0,2.825714285714286,8.69,DOVER,HILLSBOROUGH
360,2021,18,34.88,19.35,26.704285714285717,0.0,2.9,9.52,DOVER,HILLSBOROUGH
360,2021,19,34.45,14.05,25.124285714285715,0.0,3.12,10.74,DOVER,HILLSBOROUGH
360,2021,20,31.61,14.55,24.124285714285715,0.0,3.255714285714286,8.09,DOVER,HILLSBOROUGH
360,2021,21,35.51,16.56,25.74142857142857,0.03,2.4171428571428573,8.36,DOVER,HILLSBOROUGH
360,2021,22,33.91,19.73,26.11428571428572,1.13,2.337142857142857,17.76,DOVER,HILLSBOROUGH
360,2021,23,35.58,22.48,27.462857142857143,2.41,1.8771428571428568,10.34,DOVER,HILLSBOROUGH
360,2021,24,34.1,21.32,26.554285714285715,2.65,2.645714285714285,8.91,DOVER,HILLSBOROUGH
360,2021,25,34.06,21.84,26.964285714285715,8.309999999999999,2.0928571428571425,12.38,DOVER,HILLSBOROUGH
360,2021,26,33.55,21.69,26.095714285714283,5.5,1.7557142857142858,8.44,DOVER,HILLSBOROUGH
360,2021,27,34.01,22.89,26.454285714285717,8.43,2.505714285714286,8.0,DOVER,HILLSBOROUGH
360,2021,28,34.58,22.61,27.08428571428572,0.37,1.7857142857142858,7.23,DOVER,HILLSBOROUGH
360,2021,29,35.01,22.59,28.054285714285715,1.53,1.9342857142857144,8.07,DOVER,HILLSBOROUGH
360,2021,30,34.65,24.06,27.65285714285714,3.21,2.245714285714286,8.21,DOVER,HILLSBOROUGH
360,2021,31,33.93,23.69,27.287142857142857,2.81,2.5957142857142856,6.81,DOVER,HILLSBOROUGH
360,2021,32,35.05,22.77,27.65285714285714,0.3,1.8342857142857143,7.88,DOVER,HILLSBOROUGH
360,2021,33,36.54,23.5,27.662857142857145,1.94,1.8114285714285716,6.19,DOVER,HILLSBOROUGH
360,2021,34,35.76,22.58,28.06142857142857,0.18,1.9714285714285715,11.36,DOVER,HILLSBOROUGH
360,2021,35,35.32,22.68,27.27285714285714,4.01,2.117142857142857,9.77,DOVER,HILLSBOROUGH
360,2021,36,33.39,22.79,27.024285714285718,1.34,2.012857142857143,10.73,DOVER,HILLSBOROUGH
360,2021,37,33.99,22.13,26.465714285714284,1.95,1.792857142857143,6.68,DOVER,HILLSBOROUGH
360,2021,38,32.79,22.39,26.36142857142857,3.99,1.827142857142857,10.34,DOVER,HILLSBOROUGH
360,2021,39,33.28,19.21,26.077142857142857,0.0999999999999999,1.9085714285714288,6.74,DOVER,HILLSBOROUGH
360,2021,40,34.53,20.39,26.551428571428573,0.0,1.6857142857142855,8.02,DOVER,HILLSBOROUGH
360,2021,41,32.89,20.36,26.004285714285714,0.2799999999999999,2.275714285714286,10.19,DOVER,HILLSBOROUGH
360,2021,42,32.2,15.67,24.02857142857143,0.0,2.1814285714285715,8.61,DOVER,HILLSBOROUGH
360,2021,43,31.98,15.96,24.74142857142857,0.79,2.341428571428572,9.74,DOVER,HILLSBOROUGH
360,2021,44,29.53,12.43,20.90285714285714,0.18,3.0928571428571425,9.26,DOVER,HILLSBOROUGH
360,2021,45,27.13,10.37,18.344285714285714,3.79,3.9642857142857135,12.42,DOVER,HILLSBOROUGH
360,2021,46,28.3,8.9,18.672857142857143,0.08,2.0628571428571427,8.71,DOVER,HILLSBOROUGH
360,2021,47,27.87,7.93,19.03,0.24,3.838571428571429,9.94,DOVER,HILLSBOROUGH
360,2021,48,25.89,7.44,15.524285714285714,0.01,2.3385714285714285,9.58,DOVER,HILLSBOROUGH
360,2021,49,28.62,9.45,19.68,0.0,1.7085714285714286,6.1,DOVER,HILLSBOROUGH
360,2021,50,29.99,17.56,22.42142857142857,0.0,2.1614285714285715,6.28,DOVER,HILLSBOROUGH
360,2021,51,29.45,5.9,19.16,0.75,3.14,9.94,DOVER,HILLSBOROUGH
360,2021,52,28.62,8.75,18.904285714285717,0.0,1.6714285714285713,8.02,DOVER,HILLSBOROUGH
360,2021,53,29.18,19.61,23.23,0.0,1.74,4.82,DOVER,HILLSBOROUGH
350,2022,1,28.12,6.85,18.821428571428573,0.02,6.17,17.08,BALM,HILLSBOROUGH
350,2022,2,27.26,7.5,17.804285714285715,0.0,6.968571428571429,16.06,BALM,HILLSBOROUGH
350,2022,3,25.9,3.95,15.344285714285714,0.63,6.590000000000001,21.64,BALM,HILLSBOROUGH
350,2022,4,22.55,1.1,12.332857142857144,0.6,6.448571428571428,18.25,BALM,HILLSBOROUGH
350,2022,5,29.16,-1.41,14.518571428571429,0.0,7.674285714285714,20.19,BALM,HILLSBOROUGH
350,2022,6,25.99,5.32,14.334285714285716,0.42,5.892857142857143,11.99,BALM,HILLSBOROUGH
350,2022,7,30.02,5.28,18.16,0.24,7.418571428571428,20.13,BALM,HILLSBOROUGH
350,2022,8,30.29,8.98,21.198571428571427,0.0,6.077142857142857,15.91,BALM,HILLSBOROUGH
350,2022,9,29.93,10.21,20.262857142857143,0.0,5.271428571428571,12.78,BALM,HILLSBOROUGH
350,2022,10,30.93,14.46,23.425714285714285,0.67,7.677142857142856,17.73,BALM,HILLSBOROUGH
350,2022,11,31.88,2.94,19.15,2.05,7.858571428571429,21.56,BALM,HILLSBOROUGH
350,2022,12,30.65,10.74,21.96142857142857,0.08,7.764285714285714,18.83,BALM,HILLSBOROUGH
350,2022,13,30.88,11.71,21.75142857142857,0.24,7.622857142857143,20.34,BALM,HILLSBOROUGH
350,2022,14,31.53,15.59,22.59857142857143,2.16,7.174285714285714,19.84,BALM,HILLSBOROUGH
350,2022,15,31.71,7.35,21.21,0.0,6.452857142857143,17.4,BALM,HILLSBOROUGH
350,2022,16,31.68,12.34,23.132857142857144,0.02,8.017142857142858,20.18,BALM,HILLSBOROUGH
350,2022,17,31.54,16.52,23.59714285714286,0.32,7.275714285714286,17.01,BALM,HILLSBOROUGH
350,2022,18,32.58,18.24,24.48,1.94,5.2057142857142855,28.73,BALM,HILLSBOROUGH
350,2022,19,31.24,13.83,23.91142857142857,0.11,6.96,17.5,BALM,HILLSBOROUGH
350,2022,20,33.03,17.45,25.228571428571428,0.03,5.145714285714285,14.98,BALM,HILLSBOROUGH
350,2022,21,33.47,20.31,26.86142857142857,1.13,7.098571428571428,14.63,BALM,HILLSBOROUGH
350,2022,22,33.75,18.15,25.14,3.3,5.768571428571429,20.56,BALM,HILLSBOROUGH
350,2022,23,33.62,20.7,26.108571428571427,0.91,5.475714285714285,17.35,BALM,HILLSBOROUGH
350,2022,24,34.9,21.91,27.455714285714286,1.34,4.768571428571429,15.86,BALM,HILLSBOROUGH
350,2022,25,35.18,20.24,26.807142857142857,1.23,5.13,16.43,BALM,HILLSBOROUGH
350,2022,26,34.75,22.08,26.74857142857143,0.79,5.004285714285714,19.82,BALM,HILLSBOROUGH
350,2022,27,35.74,22.33,27.20142857142857,1.95,4.292857142857143,15.04,BALM,HILLSBOROUGH
350,2022,28,34.67,21.28,27.337142857142855,2.87,5.047142857142857,22.85,BALM,HILLSBOROUGH
350,2022,29,35.05,22.38,27.215714285714284,0.85,4.83,14.74,BALM,HILLSBOROUGH
350,2022,30,34.56,22.02,27.345714285714287,1.23,5.17,24.93,BALM,HILLSBOROUGH
350,2022,31,35.55,22.18,27.885714285714283,0.13,5.432857142857143,17.12,BALM,HILLSBOROUGH
350,2022,32,34.15,22.54,26.91142857142857,0.49,5.175714285714285,15.71,BALM,HILLSBOROUGH
350,2022,33,33.91,22.09,27.03857142857143,0.24,4.397142857142858,13.06,BALM,HILLSBOROUGH
350,2022,34,35.52,22.26,27.384285714285717,4.48,4.264285714285714,18.42,BALM,HILLSBOROUGH
350,2022,35,34.36,22.44,26.49857142857143,2.03,4.2,16.53,BALM,HILLSBOROUGH
350,2022,36,34.94,21.42,26.70714285714286,2.39,4.24,15.88,BALM,HILLSBOROUGH
350,2022,37,33.18,22.02,25.798571428571428,1.1,4.271428571428571,16.26,BALM,HILLSBOROUGH
350,2022,38,33.86,20.86,26.082857142857144,0.63,4.37,15.9,BALM,HILLSBOROUGH
350,2022,39,33.4,16.42,23.77,10.97,10.155714285714286,42.36,BALM,HILLSBOROUGH
350,2022,40,29.55,15.96,22.377142857142854,0.03,4.838571428571428,12.71,BALM,HILLSBOROUGH
350,2022,41,31.01,17.03,24.714285714285715,0.5,5.102857142857142,13.45,BALM,HILLSBOROUGH
350,2022,42,31.09,8.48,20.618571428571425,0.03,6.438571428571429,16.96,BALM,HILLSBOROUGH
350,2022,43,31.23,10.92,22.648571428571422,0.0,4.717142857142858,11.9,BALM,HILLSBOROUGH
350,2022,44,32.42,17.75,24.51142857142857,0.06,5.2,15.23,BALM,HILLSBOROUGH
350,2022,45,32.08,18.88,22.93285714285714,2.9399999999999995,9.971428571428572,25.87,BALM,HILLSBOROUGH
350,2022,46,27.85,9.59,19.62142857142857,0.12,5.3585714285714285,11.77,BALM,HILLSBOROUGH
350,2022,47,29.0,10.93,19.678571428571427,0.0699999999999999,7.417142857142857,18.0,BALM,HILLSBOROUGH
350,2022,48,28.69,14.12,21.1,0.09,5.8585714285714285,17.58,BALM,HILLSBOROUGH
350,2022,49,27.68,13.71,20.414285714285715,0.0,3.927142857142857,9.84,BALM,HILLSBOROUGH
350,2022,50,27.36,11.77,18.81571428571429,0.0,6.19,19.09,BALM,HILLSBOROUGH
350,2022,51,23.67,5.62,16.104285714285716,0.0,6.632857142857143,19.84,BALM,HILLSBOROUGH
350,2022,52,27.11,-1.2,11.127142857142855,0.0,6.085714285714286,11.68,BALM,HILLSBOROUGH
350,2022,53,24.13,18.15,20.96,0.0,6.14,11.65,BALM,HILLSBOROUGH
360,2022,1,29.08,7.42,18.97142857142857,0.03,3.1542857142857144,12.56,DOVER,HILLSBOROUGH
360,2022,2,28.04,7.61,17.58857142857143,0.0,3.0157142857142856,9.44,DOVER,HILLSBOROUGH
360,2022,3,26.53,3.78,15.2,0.3,3.1028571428571428,12.39,DOVER,HILLSBOROUGH
360,2022,4,21.23,0.48,12.044285714285715,0.95,3.585714285714286,14.42,DOVER,HILLSBOROUGH
360,2022,5,29.82,-1.27,14.588571428571427,0.0,3.127142857142857,17.1,DOVER,HILLSBOROUGH
360,2022,6,26.99,4.66,14.132857142857144,0.6100000000000001,3.4528571428571424,9.32,DOVER,HILLSBOROUGH
360,2022,7,31.54,4.3,18.33428571428572,0.16,3.182857142857143,11.44,DOVER,HILLSBOROUGH
360,2022,8,30.89,8.22,21.678571428571427,0.1,2.367142857142857,9.63,DOVER,HILLSBOROUGH
360,2022,9,31.03,8.96,20.41714285714286,0.0,2.3485714285714288,8.28,DOVER,HILLSBOROUGH
360,2022,10,32.29,14.1,24.118571428571432,0.46,2.6585714285714284,11.31,DOVER,HILLSBOROUGH
360,2022,11,32.79,3.3,19.602857142857143,1.51,3.505714285714286,15.98,DOVER,HILLSBOROUGH
360,2022,12,31.18,9.76,22.23428571428571,0.45,3.2485714285714287,10.6,DOVER,HILLSBOROUGH
360,2022,13,32.42,11.52,21.83428571428572,1.65,3.3857142857142857,10.37,DOVER,HILLSBOROUGH
360,2022,14,31.91,15.27,22.714285714285715,2.06,3.095714285714286,16.0,DOVER,HILLSBOROUGH
360,2022,15,32.55,7.93,21.825714285714287,0.0,2.5942857142857143,13.13,DOVER,HILLSBOROUGH
360,2022,16,32.81,12.54,23.56,0.0,3.145714285714285,11.93,DOVER,HILLSBOROUGH
360,2022,17,32.21,17.04,24.31571428571429,0.0,2.628571428571429,11.47,DOVER,HILLSBOROUGH
360,2022,18,34.15,18.29,25.335714285714285,1.36,2.2414285714285715,8.57,DOVER,HILLSBOROUGH
360,2022,19,31.81,15.3,24.31857142857143,0.34,3.777142857142857,11.55,DOVER,HILLSBOROUGH
360,2022,20,33.85,17.86,25.40285714285714,3.66,2.5271428571428567,10.39,DOVER,HILLSBOROUGH
360,2022,21,34.84,20.8,27.66142857142857,1.32,2.37,10.21,DOVER,HILLSBOROUGH
360,2022,22,33.96,19.33,25.767142857142854,3.75,2.1142857142857143,8.29,DOVER,HILLSBOROUGH
360,2022,23,34.68,21.35,26.68,1.28,2.3857142857142857,14.49,DOVER,HILLSBOROUGH
360,2022,24,36.28,22.49,28.044285714285717,1.7100000000000002,2.291428571428572,7.77,DOVER,HILLSBOROUGH
360,2022,25,35.42,20.79,27.665714285714284,0.13,2.3042857142857143,13.35,DOVER,HILLSBOROUGH
360,2022,26,35.56,22.48,27.638571428571428,0.51,1.8985714285714284,11.82,DOVER,HILLSBOROUGH
360,2022,27,35.84,22.39,27.49,4.97,1.7871428571428571,14.16,DOVER,HILLSBOROUGH
360,2022,28,35.49,21.34,27.88714285714286,2.06,2.148571428571429,8.68,DOVER,HILLSBOROUGH
360,2022,29,35.56,23.08,27.40142857142857,1.96,1.772857142857143,7.15,DOVER,HILLSBOROUGH
360,2022,30,35.71,23.09,28.02,0.5900000000000001,1.6614285714285717,7.06,DOVER,HILLSBOROUGH
360,2022,31,36.49,23.24,28.557142857142857,0.99,1.9914285714285715,11.04,DOVER,HILLSBOROUGH
360,2022,32,35.49,23.15,27.59857142857143,0.3399999999999999,1.8471428571428568,6.88,DOVER,HILLSBOROUGH
360,2022,33,35.17,23.0,27.615714285714287,0.27,2.277142857142857,8.92,DOVER,HILLSBOROUGH
360,2022,34,35.93,23.14,27.705714285714286,3.02,1.8071428571428567,9.63,DOVER,HILLSBOROUGH
360,2022,35,34.18,22.48,26.97,4.21,1.7871428571428571,11.33,DOVER,HILLSBOROUGH
360,2022,36,35.65,22.07,27.398571428571422,0.88,1.8285714285714287,10.73,DOVER,HILLSBOROUGH
360,2022,37,34.28,22.23,26.212857142857143,3.92,1.9457142857142853,10.68,DOVER,HILLSBOROUGH
360,2022,38,34.39,22.25,26.53428571428572,1.86,2.268571428571428,9.07,DOVER,HILLSBOROUGH
360,2022,39,33.88,17.95,24.48428571428571,5.0200000000000005,5.2457142857142856,22.09,DOVER,HILLSBOROUGH
360,2022,40,30.36,16.36,22.63142857142857,0.03,2.755714285714286,9.66,DOVER,HILLSBOROUGH
360,2022,41,31.83,16.95,25.132857142857144,0.1099999999999999,2.09,6.25,DOVER,HILLSBOROUGH
360,2022,42,32.29,7.61,20.934285714285718,0.13,3.2457142857142856,11.64,DOVER,HILLSBOROUGH
360,2022,43,31.99,10.45,22.97,0.02,1.9885714285714289,5.97,DOVER,HILLSBOROUGH
360,2022,44,33.03,18.2,25.04142857142857,0.77,2.184285714285714,7.38,DOVER,HILLSBOROUGH
360,2022,45,32.13,19.14,23.38,4.07,4.917142857142857,20.87,DOVER,HILLSBOROUGH
360,2022,46,28.51,10.74,19.99857142857143,0.01,3.031428571428571,8.93,DOVER,HILLSBOROUGH
360,2022,47,29.6,10.82,19.72571428571429,0.56,3.4657142857142853,7.73,DOVER,HILLSBOROUGH
360,2022,48,29.09,14.43,21.49428571428572,0.29,2.224285714285714,13.5,DOVER,HILLSBOROUGH
360,2022,49,28.57,14.51,20.7,0.0,1.6157142857142854,5.45,DOVER,HILLSBOROUGH
360,2022,50,28.31,11.41,19.464285714285715,1.49,2.674285714285714,8.74,DOVER,HILLSBOROUGH
360,2022,51,23.23,5.95,15.974285714285717,0.74,3.205714285714285,12.07,DOVER,HILLSBOROUGH
360,2022,52,27.25,-0.28,11.051428571428572,0.0,3.0585714285714287,10.14,DOVER,HILLSBOROUGH
360,2022,53,23.86,19.41,21.15,0.12,1.98,4.74,DOVER,HILLSBOROUGH
350,2023,1,28.77,6.46,19.94142857142857,0.06,5.808571428571428,16.54,BALM,HILLSBOROUGH
350,2023,2,25.96,4.67,14.695714285714288,0.59,6.275714285714286,20.4,BALM,HILLSBOROUGH
350,2023,3,27.39,1.45,15.68142857142857,0.0,4.958571428571429,14.07,BALM,HILLSBOROUGH
350,2023,4,28.85,6.6,17.09857142857143,0.74,8.442857142857141,19.42,BALM,HILLSBOROUGH
350,2023,5,28.86,9.37,20.24,0.07,6.021428571428571,19.43,BALM,HILLSBOROUGH
350,2023,6,29.25,11.22,20.544285714285717,0.0,7.452857142857143,17.57,BALM,HILLSBOROUGH
350,2023,7,29.77,5.52,17.96,0.04,7.588571428571429,20.5,BALM,HILLSBOROUGH
350,2023,8,30.91,12.67,21.66857142857143,0.0,5.194285714285714,15.17,BALM,HILLSBOROUGH
350,2023,9,29.94,11.68,21.59857142857143,0.01,6.462857142857144,24.69,BALM,HILLSBOROUGH
350,2023,10,30.26,13.46,22.555714285714284,0.02,6.215714285714285,14.51,BALM,HILLSBOROUGH
350,2023,11,28.72,9.1,19.301428571428573,0.01,7.742857142857143,19.91,BALM,HILLSBOROUGH
350,2023,12,31.39,4.93,18.81571428571429,0.02,6.501428571428571,13.9,BALM,HILLSBOROUGH
350,2023,13,31.27,14.3,23.520000000000003,0.0,6.702857142857143,16.47,BALM,HILLSBOROUGH
350,2023,14,33.25,16.46,24.962857142857143,0.0,5.961428571428572,13.91,BALM,HILLSBOROUGH
350,2023,15,33.27,16.16,23.048571428571428,0.01,9.127142857142855,23.13,BALM,HILLSBOROUGH
350,2023,16,32.08,11.79,22.724285714285717,1.97,6.75,16.12,BALM,HILLSBOROUGH
350,2023,17,32.35,18.36,23.965714285714284,1.15,6.902857142857143,22.34,BALM,HILLSBOROUGH
350,2023,18,31.37,13.72,22.85571428571429,0.04,7.201428571428571,22.7,BALM,HILLSBOROUGH
350,2023,19,34.16,15.13,25.32,0.21,6.111428571428571,13.53,BALM,HILLSBOROUGH
350,2023,20,33.74,18.27,25.74428571428572,0.01,4.991428571428571,19.23,BALM,HILLSBOROUGH
350,2023,21,33.64,17.16,24.24428571428572,1.67,6.2057142857142855,17.92,BALM,HILLSBOROUGH
350,2023,22,31.48,17.65,23.987142857142857,6.59,5.82,20.76,BALM,HILLSBOROUGH
350,2023,23,33.4,18.95,25.56571428571429,0.87,5.817142857142857,17.09,BALM,HILLSBOROUGH
350,2023,24,34.9,21.33,27.52857142857143,0.77,6.467142857142858,17.91,BALM,HILLSBOROUGH
350,2023,25,32.84,20.66,26.638571428571428,1.94,6.924285714285714,19.62,BALM,HILLSBOROUGH
350,2023,26,35.34,21.89,28.251666666666665,0.22,4.915,12.73,BALM,HILLSBOROUGH
350,2023,31,35.11,22.48,27.968,0.64,4.174,14.18,BALM,HILLSBOROUGH
350,2023,32,36.38,23.85,30.165714285714284,0.0,4.392857142857143,13.4,BALM,HILLSBOROUGH
350,2023,33,36.79,23.09,27.79142857142857,1.49,5.148571428571429,17.46,BALM,HILLSBOROUGH
350,2023,34,35.05,21.79,27.955714285714286,0.05,6.311428571428571,16.46,BALM,HILLSBOROUGH
350,2023,35,35.36,22.85,27.297142857142852,1.8,6.615714285714286,23.68,BALM,HILLSBOROUGH
350,2023,36,33.71,20.23,26.374285714285715,0.33,4.675714285714285,18.42,BALM,HILLSBOROUGH
350,2023,37,34.88,21.44,27.65428571428572,0.46,3.9614285714285713,15.46,BALM,HILLSBOROUGH
350,2023,38,33.47,19.06,26.094285714285714,1.12,5.067142857142857,20.51,BALM,HILLSBOROUGH
350,2023,39,32.95,19.58,26.05,4.92,5.4957142857142856,21.86,BALM,HILLSBOROUGH
350,2023,40,32.78,21.2,25.63714285714286,0.47,7.015714285714286,18.04,BALM,HILLSBOROUGH
350,2023,41,31.63,16.54,24.427142857142854,1.0,6.284285714285715,18.19,BALM,HILLSBOROUGH
350,2023,42,28.96,10.03,20.11142857142857,0.01,5.942857142857143,14.71,BALM,HILLSBOROUGH
350,2023,43,30.6,14.84,23.18142857142857,0.0,7.121428571428572,18.47,BALM,HILLSBOROUGH
350,2023,44,30.37,10.48,21.28,0.1,7.939999999999999,16.89,BALM,HILLSBOROUGH
350,2023,45,31.91,10.3,22.08,0.0,4.778571428571429,13.54,BALM,HILLSBOROUGH
350,2023,46,30.72,18.34,22.052857142857142,0.9200000000000002,8.005714285714285,17.92,BALM,HILLSBOROUGH
350,2023,47,29.13,12.4,19.84714285714286,0.1,5.624285714285714,15.29,BALM,HILLSBOROUGH
350,2023,48,26.82,5.55,15.858,0.2,6.226000000000001,13.5,BALM,HILLSBOROUGH
360,2023,1,29.69,6.52,19.807142857142857,0.33,2.1157142857142857,8.48,DOVER,HILLSBOROUGH
360,2023,2,26.84,4.64,14.944285714285714,0.9,3.65,14.72,DOVER,HILLSBOROUGH
360,2023,3,28.74,1.17,15.682857142857143,1.55,1.9657142857142855,6.27,DOVER,HILLSBOROUGH
360,2023,4,29.52,7.34,17.44142857142857,0.23,3.972857142857143,11.26,DOVER,HILLSBOROUGH
360,2023,5,29.99,10.13,20.717142857142857,0.18,2.5028571428571427,11.93,DOVER,HILLSBOROUGH
360,2023,6,30.05,12.83,21.102857142857143,0.0699999999999999,2.525714285714286,7.03,DOVER,HILLSBOROUGH
360,2023,7,29.99,6.68,18.435714285714287,0.13,3.641428571428572,11.78,DOVER,HILLSBOROUGH
360,2023,8,31.67,12.15,22.24,0.0,2.4585714285714286,7.59,DOVER,HILLSBOROUGH
360,2023,9,30.53,14.41,22.35142857142857,0.03,3.032857142857143,10.66,DOVER,HILLSBOROUGH
360,2023,10,29.91,13.65,22.16714285714286,0.13,3.027142857142857,10.77,DOVER,HILLSBOROUGH
360,2023,11,28.46,8.26,18.99571428571429,0.07,3.798571428571429,9.25,DOVER,HILLSBOROUGH
360,2023,12,31.24,4.2,18.617142857142856,0.02,3.4528571428571437,11.2,DOVER,HILLSBOROUGH
360,2023,13,31.21,14.35,23.568571428571428,0.0,2.7785714285714285,7.68,DOVER,HILLSBOROUGH
360,2023,14,33.63,17.02,25.452857142857145,0.0,2.481428571428572,9.15,DOVER,HILLSBOROUGH
360,2023,15,33.57,16.33,22.9,0.01,3.4171428571428573,7.73,DOVER,HILLSBOROUGH
360,2023,16,31.94,9.62,22.53142857142857,0.39,2.814285714285714,9.68,DOVER,HILLSBOROUGH
360,2023,17,31.94,17.79,23.53428571428572,1.14,2.591428571428572,16.67,DOVER,HILLSBOROUGH
360,2023,18,31.97,13.14,22.854285714285712,0.04,3.744285714285714,12.09,DOVER,HILLSBOROUGH
360,2023,19,34.71,15.04,25.465714285714284,0.08,2.387142857142857,9.14,DOVER,HILLSBOROUGH
360,2023,20,33.61,17.95,25.74285714285714,0.8,2.44,11.78,DOVER,HILLSBOROUGH
360,2023,21,32.46,16.62,23.62285714285714,8.07,2.93,12.8,DOVER,HILLSBOROUGH
360,2023,22,31.85,16.81,23.76142857142857,3.46,2.5585714285714287,9.46,DOVER,HILLSBOROUGH
360,2023,23,33.12,19.06,25.372857142857143,2.08,2.5371428571428574,22.36,DOVER,HILLSBOROUGH
360,2023,24,34.05,21.17,27.325714285714287,0.0999999999999999,3.1685714285714286,10.12,DOVER,HILLSBOROUGH
360,2023,25,33.28,20.19,26.15571428571429,2.69,3.25,16.4,DOVER,HILLSBOROUGH
360,2023,26,35.61,21.74,28.261666666666667,0.0,2.5016666666666665,11.1,DOVER,HILLSBOROUGH
360,2023,31,34.98,22.21,27.712,1.5,1.782,10.29,DOVER,HILLSBOROUGH
360,2023,32,36.74,24.61,29.68,0.4399999999999999,2.5885714285714285,11.68,DOVER,HILLSBOROUGH
360,2023,33,36.9,22.17,27.58,6.08,2.0085714285714285,8.95,DOVER,HILLSBOROUGH
360,2023,34,34.62,21.56,27.647142857142857,0.27,1.8828571428571428,6.98,DOVER,HILLSBOROUGH
360,2023,35,34.21,22.69,26.81142857142857,10.18,2.257142857142857,11.72,DOVER,HILLSBOROUGH
360,2023,36,33.8,20.01,26.22,0.15,1.7514285714285711,9.34,DOVER,HILLSBOROUGH
360,2023,37,34.87,21.54,27.294285714285717,0.01,2.147142857142857,11.0,DOVER,HILLSBOROUGH
360,2023,38,33.57,18.35,25.872857142857143,0.7100000000000001,2.448571428571429,8.49,DOVER,HILLSBOROUGH
360,2023,39,33.66,18.44,25.95,1.35,2.427142857142857,9.04,DOVER,HILLSBOROUGH
360,2023,40,33.15,20.68,25.41714285714286,0.04,2.947142857142857,9.5,DOVER,HILLSBOROUGH
360,2023,41,31.81,16.19,23.77,0.71,3.0042857142857144,8.56,DOVER,HILLSBOROUGH
360,2023,42,29.17,9.15,19.222857142857144,0.01,3.1542857142857144,12.03,DOVER,HILLSBOROUGH
360,2023,43,30.63,13.41,22.707142857142856,0.0,1.72,4.74,DOVER,HILLSBOROUGH
360,2023,44,30.52,9.01,20.564285714285717,0.0,3.0557142857142856,8.33,DOVER,HILLSBOROUGH
360,2023,45,31.58,8.9,21.00714285714286,0.0,1.6771428571428573,8.66,DOVER,HILLSBOROUGH
360,2023,46,29.27,18.52,21.292857142857144,2.15,3.5485714285714285,9.14,DOVER,HILLSBOROUGH
360,2023,47,29.45,11.85,19.052857142857142,0.32,2.5485714285714285,7.57,DOVER,HILLSBOROUGH
360,2023,48,26.17,3.3,14.736,0.53,3.092,11.19,DOVER,HILLSBOROUGH
350,2024,1,26.09,5.93,15.768571428571429,1.26,6.5600000000000005,18.05,BALM,HILLSBOROUGH
350,2024,2,27.28,7.4,15.94,0.86,8.352857142857143,30.32,BALM,HILLSBOROUGH
350,2024,3,25.72,2.01,14.461428571428572,0.33,6.732857142857142,18.47,BALM,HILLSBOROUGH
350,2024,4,29.41,6.97,20.345714285714287,0.02,7.655714285714287,16.65,BALM,HILLSBOROUGH
350,2024,5,23.77,5.36,13.771428571428572,0.23,5.8342857142857145,17.25,BALM,HILLSBOROUGH
350,2024,6,28.68,7.55,17.122857142857143,0.22,7.002857142857143,17.47,BALM,HILLSBOROUGH
350,2024,7,28.74,8.06,17.375714285714285,1.87,6.972857142857143,19.83,BALM,HILLSBOROUGH
350,2024,8,24.92,5.73,14.935714285714289,0.13,6.267142857142857,19.36,BALM,HILLSBOROUGH
350,2024,9,28.65,7.01,19.98,0.1,5.448571428571428,17.68,BALM,HILLSBOROUGH
350,2024,10,30.86,15.77,22.424285714285716,0.91,6.564285714285715,17.46,BALM,HILLSBOROUGH
350,2024,11,30.52,10.08,21.205714285714286,0.0,4.79,11.8,BALM,HILLSBOROUGH
350,2024,12,28.91,7.63,19.44428571428572,0.62,7.778571428571428,22.4,BALM,HILLSBOROUGH
350,2024,13,30.1,11.33,21.018571428571427,0.96,6.957142857142856,20.07,BALM,HILLSBOROUGH
350,2024,14,29.97,11.2,20.442857142857143,1.14,6.784285714285715,22.87,BALM,HILLSBOROUGH
350,2024,15,30.25,10.94,21.385714285714283,0.88,8.055714285714286,22.62,BALM,HILLSBOROUGH
350,2024,16,31.58,13.65,23.301428571428573,0.0,5.147142857142858,13.18,BALM,HILLSBOROUGH
350,2024,17,30.52,12.55,22.12857142857143,0.02,7.362857142857143,17.72,BALM,HILLSBOROUGH
350,2024,18,33.31,15.79,25.13714285714286,0.6,5.738571428571428,13.18,BALM,HILLSBOROUGH
350,2024,19,34.24,17.67,26.6,0.0,5.711428571428572,12.87,BALM,HILLSBOROUGH
350,2024,20,34.22,21.37,27.238571428571426,0.92,6.565714285714286,13.86,BALM,HILLSBOROUGH
350,2024,21,35.38,18.85,27.212857142857143,0.0,5.454285714285715,13.42,BALM,HILLSBOROUGH
350,2024,22,36.2,19.44,27.65571428571429,0.04,6.371428571428572,15.89,BALM,HILLSBOROUGH
350,2024,23,36.16,20.35,28.267142857142854,0.29,5.182857142857143,12.99,BALM,HILLSBOROUGH
350,2024,24,35.2,21.32,27.11428571428572,3.94,5.674285714285714,20.3,BALM,HILLSBOROUGH
350,2024,25,34.08,21.52,27.03,1.08,7.437142857142857,20.51,BALM,HILLSBOROUGH
350,2024,26,34.24,22.35,27.22142857142857,0.67,4.351428571428571,14.4,BALM,HILLSBOROUGH
350,2024,27,35.7,22.72,28.228571428571428,1.4,4.194285714285714,16.03,BALM,HILLSBOROUGH
350,2024,28,34.98,22.74,27.592857142857145,3.67,4.232857142857143,16.04,BALM,HILLSBOROUGH
350,2024,29,35.07,3.66,27.13714285714286,2.67,4.3585714285714285,19.44,BALM,HILLSBOROUGH
350,2024,30,35.29,23.33,27.572857142857146,1.51,3.878571428571429,17.15,BALM,HILLSBOROUGH
350,2024,31,35.13,22.71,27.002857142857145,5.73,5.847142857142857,23.85,BALM,HILLSBOROUGH
350,2024,32,34.03,24.6,28.357142857142858,8.59,7.475714285714285,26.71,BALM,HILLSBOROUGH
350,2024,33,35.21,21.38,28.002857142857145,0.09,4.34,15.27,BALM,HILLSBOROUGH
350,2024,34,34.36,21.73,26.898571428571422,2.97,4.6571428571428575,19.05,BALM,HILLSBOROUGH
350,2024,35,34.57,23.07,26.891428571428573,0.8600000000000001,5.340000000000001,19.51,BALM,HILLSBOROUGH
350,2024,36,34.72,23.17,27.34857142857143,3.04,5.198571428571428,20.89,BALM,HILLSBOROUGH
350,2024,37,33.52,23.5,27.43142857142857,0.24,4.227142857142857,11.61,BALM,HILLSBOROUGH
350,2024,38,33.74,21.36,26.947142857142858,0.0,4.444285714285714,14.64,BALM,HILLSBOROUGH
350,2024,39,33.43,22.64,27.24,3.21,8.26,32.22,BALM,HILLSBOROUGH
350,2024,40,34.2,20.95,26.631428571428568,0.92,5.138571428571429,18.99,BALM,HILLSBOROUGH
350,2024,41,30.51,19.66,23.88142857142857,9.39,10.268571428571429,51.68,BALM,HILLSBOROUGH
350,2024,42,32.43,11.39,21.345714285714283,0.14,8.23857142857143,21.21,BALM,HILLSBOROUGH
350,2024,43,30.21,16.78,23.392857142857142,0.0,6.355714285714286,16.7,BALM,HILLSBOROUGH
350,2024,44,30.18,18.87,23.988571428571426,0.01,8.604285714285714,18.78,BALM,HILLSBOROUGH
350,2024,45,32.46,19.11,25.391428571428573,0.11,8.365714285714287,16.87,BALM,HILLSBOROUGH
350,2024,46,30.99,13.1,22.65714285714285,0.0,5.944285714285714,20.62,BALM,HILLSBOROUGH
350,2024,47,28.14,6.64,17.75857142857143,0.2,5.761428571428572,16.81,BALM,HILLSBOROUGH
350,2024,48,28.03,6.53,17.00857142857143,0.06,5.122857142857143,16.45,BALM,HILLSBOROUGH
350,2024,49,24.4,3.22,13.222857142857142,0.0,5.801428571428572,15.44,BALM,HILLSBOROUGH
350,2024,50,27.81,4.61,17.667142857142856,0.42,8.528571428571428,19.53,BALM,HILLSBOROUGH
350,2024,51,29.6,5.44,18.091428571428573,0.0,5.958571428571429,14.53,BALM,HILLSBOROUGH
350,2024,52,26.94,10.21,19.08857142857143,0.25,6.508571428571429,18.31,BALM,HILLSBOROUGH
350,2024,53,27.1,18.72,22.095,0.01,5.005,15.13,BALM,HILLSBOROUGH
360,2024,1,25.69,6.07,14.751428571428573,1.97,2.85,11.41,DOVER,HILLSBOROUGH
360,2024,2,26.29,6.87,15.21,1.14,3.5157142857142856,11.86,DOVER,HILLSBOROUGH
360,2024,3,24.48,0.96,13.417142857142858,0.27,3.682857142857143,9.08,DOVER,HILLSBOROUGH
360,2024,4,29.54,5.79,19.88714285714286,0.0,2.605714285714286,12.03,DOVER,HILLSBOROUGH
360,2024,5,23.59,4.02,12.928571428571429,0.27,3.057142857142857,11.58,DOVER,HILLSBOROUGH
360,2024,6,29.2,6.16,16.377142857142857,0.12,3.4457142857142857,13.97,DOVER,HILLSBOROUGH
360,2024,7,28.25,6.41,16.474285714285713,3.08,3.468571428571429,12.43,DOVER,HILLSBOROUGH
360,2024,8,24.21,3.7,13.741428571428573,0.16,3.501428571428572,11.44,DOVER,HILLSBOROUGH
360,2024,9,27.88,5.63,19.312857142857144,1.52,2.271428571428572,11.05,DOVER,HILLSBOROUGH
360,2024,10,30.74,15.88,21.827142857142857,4.19,2.842857142857143,10.46,DOVER,HILLSBOROUGH
360,2024,11,30.98,9.82,20.71857142857143,0.0,2.2,6.66,DOVER,HILLSBOROUGH
360,2024,12,27.87,6.52,18.67,0.88,3.692857142857143,11.77,DOVER,HILLSBOROUGH
360,2024,13,30.04,10.7,20.44857142857143,1.65,2.904285714285714,15.68,DOVER,HILLSBOROUGH
360,2024,14,29.57,10.61,19.59714285714286,1.88,3.3242857142857143,10.88,DOVER,HILLSBOROUGH
360,2024,15,30.25,9.54,20.842857142857145,0.8,3.235714285714286,10.43,DOVER,HILLSBOROUGH
360,2024,16,31.45,13.17,23.125714285714285,0.0,2.2114285714285717,8.36,DOVER,HILLSBOROUGH
360,2024,17,30.39,10.8,21.662857142857145,0.08,2.56,11.87,DOVER,HILLSBOROUGH
360,2024,18,33.45,15.14,25.02,1.94,2.0485714285714285,12.61,DOVER,HILLSBOROUGH
360,2024,19,34.12,17.42,26.232857142857146,0.27,2.6714285714285717,10.46,DOVER,HILLSBOROUGH
360,2024,20,34.42,20.77,26.88142857142857,0.78,3.018571428571428,12.69,DOVER,HILLSBOROUGH
360,2024,21,36.31,18.29,27.02,0.0,2.704285714285714,9.33,DOVER,HILLSBOROUGH
360,2024,22,36.24,18.8,27.37142857142857,0.87,2.5785714285714287,10.66,DOVER,HILLSBOROUGH
360,2024,23,36.31,20.46,28.382857142857144,0.02,2.591428571428572,9.46,DOVER,HILLSBOROUGH
360,2024,24,35.23,21.42,26.83,4.45,2.4828571428571427,8.17,DOVER,HILLSBOROUGH
360,2024,25,35.07,21.5,26.635714285714283,1.13,2.3185714285714285,8.51,DOVER,HILLSBOROUGH
360,2024,26,34.08,22.16,26.90428571428572,2.5700000000000003,2.1028571428571428,11.43,DOVER,HILLSBOROUGH
360,2024,27,36.3,22.68,28.062857142857144,0.61,1.8214285714285716,8.7,DOVER,HILLSBOROUGH
360,2024,28,35.04,22.99,27.22714285714286,3.82,2.0085714285714285,10.3,DOVER,HILLSBOROUGH
360,2024,29,35.17,21.56,26.754285714285714,7.45,1.7257142857142858,9.3,DOVER,HILLSBOROUGH
360,2024,30,35.11,23.04,27.1,1.15,1.8242857142857145,10.75,DOVER,HILLSBOROUGH
360,2024,31,35.29,22.85,26.792857142857144,9.88,1.9914285714285715,8.55,DOVER,HILLSBOROUGH
360,2024,32,33.59,24.16,28.30857142857143,8.44,3.7342857142857135,11.0,DOVER,HILLSBOROUGH
360,2024,33,34.93,21.21,27.585714285714285,0.35,2.012857142857143,10.32,DOVER,HILLSBOROUGH
360,2024,34,34.06,21.19,26.704285714285717,2.56,1.8714285714285717,13.45,DOVER,HILLSBOROUGH
360,2024,35,34.85,22.88,26.74142857142857,1.3,1.587142857142857,5.93,DOVER,HILLSBOROUGH
360,2024,36,34.71,23.08,26.822857142857146,3.28,1.96,10.58,DOVER,HILLSBOROUGH
360,2024,37,33.57,23.51,26.82,5.34,1.8957142857142857,10.41,DOVER,HILLSBOROUGH
360,2024,38,33.08,21.53,26.092857142857145,2.15,2.1614285714285715,11.17,DOVER,HILLSBOROUGH
360,2024,39,33.1,22.63,26.77142857142857,4.87,2.6228571428571428,11.65,DOVER,HILLSBOROUGH
360,2024,40,33.49,21.56,26.33428571428572,2.62,1.6057142857142856,8.64,DOVER,HILLSBOROUGH
360,2024,41,30.24,18.94,23.332857142857144,43.2,4.822857142857143,36.37,DOVER,HILLSBOROUGH
360,2024,42,30.53,11.71,21.10428571428572,0.17,3.972857142857143,10.19,DOVER,HILLSBOROUGH
360,2024,43,29.96,15.92,22.518571428571427,0.0,2.712857142857142,7.66,DOVER,HILLSBOROUGH
360,2024,44,29.98,17.58,23.327142857142857,0.3299999999999999,2.5814285714285714,6.14,DOVER,HILLSBOROUGH
360,2024,45,31.39,18.38,24.72571428571429,0.51,2.06,4.61,DOVER,HILLSBOROUGH
360,2024,46,30.77,12.1,21.88142857142857,0.0,2.107142857142857,7.44,DOVER,HILLSBOROUGH
360,2024,47,28.31,4.76,16.69142857142857,0.02,3.185714285714286,12.55,DOVER,HILLSBOROUGH
360,2024,48,27.66,5.41,15.722857142857142,0.72,2.617142857142857,9.18,DOVER,HILLSBOROUGH
360,2024,49,24.37,1.93,11.772857142857143,0.0,2.607142857142857,11.03,DOVER,HILLSBOROUGH
360,2024,50,27.12,3.38,16.787142857142857,0.15,3.511428571428571,14.64,DOVER,HILLSBOROUGH
360,2024,51,28.2,2.92,16.97714285714286,0.0,3.0471428571428567,10.09,DOVER,HILLSBOROUGH
360,2024,52,26.39,9.26,17.702857142857145,0.0,2.567142857142857,10.8,DOVER,HILLSBOROUGH
360,2024,53,26.86,17.86,20.935,0.0,2.29,9.13,DOVER,HILLSBOROUGH
